PDB,set
7o52,train
5kzc,train
6vi1,train
6sne,train
4rfn,train
2qsc,train
7lex,train
3uzq,train
5yd3,train
6dzm,train
5ihz,train
4xp4,train
3ncj,train
6mek,train
6bli,train
6oao,train
2zch,train
4yhi,train
7mf9,train
2ybr,train
4ztp,train
5esa,train
7mlz,train
5yfi,train
1nca,train
3l7e,train
1igj,train
4nug,train
6xsw,train
7nks,train
6n1v,train
5dup,train
4xgz,train
1v7m,train
5e2t,train
6oo0,train
3h3p,train
1g7l,train
6kn9,train
6cde,train
7czs,train
2ghw,train
4g80,train
3gk8,train
6a78,train
4nko,train
3j8w,train
3mlv,train
6edu,train
3t3m,train
5ibl,train
1c5b,train
5k9j,train
6iec,train
5uoe,train
6wh9,train
5w9j,train
5yy4,train
1i3g,train
1ynt,train
6ikm,train
5t5f,train
6wgb,train
4lri,train
7k7i,train
3mug,train
6ev1,train
6rlm,train
5kov,train
5vkd,train
7e88,train
6c5k,train
3t2n,train
1mcp,train
5cws,train
4jfx,train
3juy,train
3mac,train
6ek2,train
7jie,train
6n1w,train
6pzz,train
1dee,train
4f33,train
7e86,train
6elj,train
5f3b,train
5cin,train
5hhx,train
5ifh,train
4ybl,train
1kyo,train
6jhq,train
5c8j,train
6vpx,train
5uk2,train
6e56,train
3auv,train
6k42,train
3cfj,train
6ccb,train
6mh2,train
5vod,train
3ley,train
5tr1,train
5usi,train
1igy,train
3s36,train
3hfm,train
6udj,train
7lki,train
1y18,train
4ag4,train
5vjo,train
7r8n,train
5vig,train
7k9z,train
7a6f,train
6wqo,train
4q6i,train
6pzy,train
7lde,train
6f7t,train
4u6v,train
2hfg,train
4f2m,train
6azx,train
6crk,train
1fve,train
2r56,train
6ffj,train
6oe5,train
6pv8,train
6m87,train
7o7f,train
7dx4,train
6m0f,train
5eu7,train
1mjj,train
3wlw,train
1p7k,train
4pd4,train
7dr4,train
7k8q,train
3ijy,train
3qa3,train
4r8w,train
5lsp,train
2ajv,train
5kem,train
3iy2,train
5czv,train
6uda,train
3dro,train
6ldv,train
5viy,train
4ffz,train
3efd,train
4ut7,train
4tnw,train
1bfo,train
1ktr,train
4rau,train
7kex,train
7kgv,train
1hzh,train
1e6o,train
5y9f,train
5u3k,train
4zto,train
7ldd,train
4ut6,train
2q8a,train
7kej,train
6ii4,train
6p3s,train
4u0r,train
6vy2,train
6nm6,train
5xhf,train
1xf4,train
3cfk,train
7m30,train
7ly2,train
1zea,train
6v8z,train
2z91,train
7ket,train
7o2z,train
6xsk,train
5bk1,train
6uyd,train
6iuv,train
4qhm,train
5if0,train
7k8s,train
4fqr,train
5hys,train
3idy,train
6chb,train
7kqh,train
5u5m,train
5ukq,train
5umi,train
6qig,train
4y5x,train
7dfl,train
7eh5,train
6hig,train
6fg2,train
5u15,train
7k93,train
6nf5,train
5h37,train
6gv4,train
7llk,train
1axs,train
3clf,train
5vxr,train
7ctu,train
5bk3,train
1ejo,train
5n2k,train
3u0w,train
6h5n,train
5cil,train
6e8v,train
2rcs,train
5k9q,train
1mpa,train
3pp4,train
5zia,train
5dyo,train
6w7y,train
6rnn,train
5xj3,train
6d01,train
6q1z,train
4imk,train
7czz,train
5u3j,train
2gfb,train
4ydj,train
6mfj,train
3hae,train
3mnv,train
6txz,train
3mo1,train
1ngp,train
5iie,train
5dfw,train
7dnh,train
6mpg,train
3cfc,train
2r0k,train
5dwu,train
6mwc,train
3etb,train
6j71,train
7ora,train
1uwx,train
2nr6,train
3s35,train
7r8o,train
4zpv,train
6vo3,train
5vga,train
5y2m,train
7n3f,train
6xlq,train
5cba,train
4liq,train
5ihu,train
4z5r,train
2a9n,train
4d9l,train
1frg,train
3hr5,train
5x0t,train
5ggu,train
6x3t,train
3q6f,train
6mtn,train
2g2r,train
5fhc,train
4ob5,train
7l5j,train
5te4,train
4ioi,train
4xbg,train
6nmv,train
1dbk,train
2a9m,train
5xku,train
2hmi,train
3aaz,train
3eo0,train
6u36,train
6njl,train
5cd3,train
6yxd,train
6pzw,train
7db6,train
5d6c,train
5my4,train
5kte,train
6xxv,train
6n81,train
4ygv,train
6ktr,train
3v6z,train
6xc2,train
6bzu,train
7k63,train
6h06,train
7lf1,train
5eoq,train
2xzc,train
6rcv,train
6ztd,train
5u7o,train
7bep,train
6cxg,train
5i1g,train
4llv,train
6hx4,train
1v7n,train
6q23,train
7lss,train
6wg8,train
1dbb,train
5mp6,train
4xce,train
6qbc,train
3mlt,train
7l7e,train
5vr9,train
4leo,train
4hs6,train
1pkq,train
6x1w,train
1flr,train
4yxk,train
2uud,train
6b08,train
6wwc,train
6n35,train
6b5l,train
3ra7,train
5ijk,train
6fy2,train
1ors,train
6bfs,train
5xwd,train
6id4,train
4olx,train
6mjz,train
4x4x,train
1yef,train
5x2p,train
3wif,train
3wsq,train
7cwo,train
6nf2,train
5id1,train
4p59,train
5tzu,train
6vl9,train
7jtg,train
5cp7,train
1gpo,train
6al4,train
1nby,train
3ikc,train
4nry,train
6opp,train
6b0s,train
4nrx,train
1n4x,train
4m43,train
3pjs,train
6lkt,train
7e8c,train
6ss4,train
4yhp,train
1iai,train
5u68,train
7ch4,train
3ve0,train
7bei,train
6qcu,train
6vl8,train
4r9y,train
5lgh,train
4yfl,train
6u9u,train
3g6j,train
7jv2,train
7cws,train
6hxw,train
5ukr,train
6vo0,train
6pil,train
1t03,train
4y5v,train
5xct,train
3rif,train
4mhh,train
4lmq,train
3gje,train
4fqh,train
6ol5,train
4om1,train
6dc3,train
4k3e,train
6h0e,train
4lf3,train
1bm3,train
6cw2,train
7k3a,train
6jwc,train
7cwu,train
6x9v,train
6n5e,train
1ic5,train
6tcq,train
3fo0,train
7cu4,train
2arj,train
3ijs,train
5cus,train
6um5,train
6jod,train
6mv5,train
1dn0,train
5uty,train
4jhw,train
6df1,train
4cni,train
6h3h,train
1l7i,train
4q2z,train
5bk5,train
7m7w,train
5w24,train
1lo0,train
1jhk,train
6x5b,train
6mb3,train
3qcv,train
3uls,train
6e9q,train
7cbp,train
4jo2,train
3wfb,train
6o9i,train
3tnn,train
1bj1,train
5t6l,train
5gs0,train
4xtr,train
6zec,train
7k8v,train
6dcv,train
4fp8,train
6opq,train
6nfn,train
7kmd,train
6q1a,train
6nmu,train
4qhu,train
1bbj,train
6hjq,train
5vsh,train
6vo1,train
6bi0,train
6olp,train
7kdd,train
6tcp,train
6x3x,train
6gxx,train
5f3h,train
6q1e,train
3ifp,train
5tr8,train
1emt,train
1uz6,train
5yy5,train
5vk2,train
4j8r,train
3dif,train
6wtu,train
3nfs,train
6kva,train
6j9o,train
4nkm,train
7niv,train
4evn,train
5i75,train
43ca,train
3rpi,train
2g75,train
5niv,train
6s3t,train
7o9s,train
2x7l,train
4y5y,train
5vzx,train
3o11,train
5uy3,train
5um8,train
5f6h,train
3iyw,train
5dd6,train
5tih,train
2i9l,train
6mar,train
5f3j,train
2r0l,train
3nh7,train
3mck,train
5utz,train
6dc9,train
5vzr,train
4s1d,train
6iw2,train
1eo8,train
7eb2,train
4gxu,train
2o5x,train
1qok,train
6ugv,train
5sx5,train
1sbs,train
2otu,train
4r2g,train
7r6w,train
4tsa,train
7ly0,train
6kdh,train
4lvh,train
5nbi,train
6mg7,train
5t85,train
6u1t,train
5bvj,train
1osp,train
6p9h,train
6ugs,train
3pnw,train
6xun,train
5w1k,train
4nhg,train
6nz7,train
7d03,train
1wc7,train
5dhy,train
6o9h,train
6pci,train
6h2y,train
4org,train
6vvu,train
5w9h,train
7cai,train
5whj,train
1fsk,train
4rwy,train
5iv2,train
6be4,train
6j14,train
4m93,train
6dc7,train
7cwt,train
4r7n,train
7deo,train
6ur5,train
5ijv,train
7a5s,train
5i8h,train
6mqm,train
5vn8,train
1oay,train
5vh3,train
4jqi,train
5oca,train
1mnu,train
6sxi,train
4odx,train
6o3j,train
6vpy,train
5iq7,train
1ndm,train
7lyv,train
4g6f,train
3eys,train
5kvg,train
6cf2,train
6svl,train
5v6l,train
5d93,train
7c4s,train
6tko,train
5dmg,train
4xph,train
7bu8,train
1uwg,train
5jo5,train
6ot1,train
5w9l,train
7czq,train
6vzi,train
7l6m,train
6u8c,train
5k59,train
7czw,train
7cmv,train
7dw9,train
5eor,train
1ngz,train
4gxv,train
4uim,train
4tnv,train
5wk3,train
7bm5,train
6crq,train
5wca,train
1fj1,train
4odw,train
7cdj,train
6qn7,train
7dfa,train
6woz,train
7bsc,train
7kew,train
7lqw,train
6tnp,train
5f88,train
7nd8,train
6glw,train
6mej,train
1jv5,train
7akd,train
6kx0,train
7cvt,train
6blh,train
6bzy,train
6qn8,train
7mfa,train
7kgu,train
2iqa,train
3j30,train
6k0y,train
4x7t,train
4m7j,train
5u8r,train
4zyp,train
6bck,train
6bla,train
6n4r,train
2znx,train
3ghe,train
6orp,train
5nyx,train
7ben,train
5any,train
6eay,train
4d9q,train
4f15,train
5cma,train
5tpl,train
6x1t,train
4qex,train
6wg2,train
6wt3,train
7lu9,train
6fxn,train
6c5h,train
4ma8,train
3ojd,train
5tlj,train
5c6w,train
6b0g,train
1igi,train
7k61,train
4py7,train
5ifj,train
6dla,train
1yed,train
2c1o,train
6wju,train
6um7,train
3uc0,train
2v7n,train
7k8t,train
1mrc,train
6lxj,train
3u30,train
4kv5,train
3iu3,train
7bq5,train
5cez,train
6rp8,train
6nyq,train
6b70,train
6was,train
3fzu,train
5mv4,train
6wf0,train
4k4m,train
5ggq,train
1wt5,train
6ute,train
4xcy,train
7lab,train
4qxt,train
5npj,train
4xwo,train
3zdx,train
6mee,train
2fjf,train
5tlk,train
6m0z,train
5d96,train
1qbl,train
6ko5,train
6c5v,train
6ct7,train
6bzw,train
6xc3,train
7jw0,train
6tkd,train
7lf2,train
7kfx,train
6bsp,train
6s5a,train
6mwx,train
5njd,train
5w9k,train
5uk1,train
7nez,train
5dhv,train
6xul,train
6xkp,train
1dl7,train
5i1d,train
7kfe,train
4wuk,train
6s3d,train
7cj2,train
7jhh,train
5tbd,train
6nb4,train
5feh,train
4hwe,train
1fl3,train
7mfr,train
5v8m,train
6wyr,train
7ecy,train
4nwt,train
4at6,train
7jv6,train
1j05,train
43c9,train
6wg0,train
2mcp,train
6o23,train
6ous,train
6qd8,train
6oej,train
4hxb,train
7kde,train
5x2n,train
1f11,train
2xtj,train
6ozc,train
1b2w,train
4lrn,train
6c08,train
3gkw,train
7kh0,train
4xvu,train
6uig,train
5vj6,train
4o4y,train
3esv,train
3mme,train
5t5n,train
6nnf,train
5dhx,train
4np4,train
4l5f,train
6w4m,train
5vqm,train
4ris,train
5vl3,train
7n8h,train
6lxk,train
6b5s,train
6anp,train
3lhp,train
4dn3,train
4xxd,train
3cx5,train
5vta,train
4kph,train
6yxf,train
6njn,train
2ajy,train
7ch5,train
6k4z,train
6dwi,train
7mta,train
2gk0,train
3ubx,train
5v8l,train
7kbb,train
5b8c,train
4dn4,train
4p48,train
7kml,train
6umj,train
5nhr,train
6ea5,train
1sy6,train
3piq,train
6y1l,train
6djp,train
1z3g,train
7n3c,train
6oge,train
3kj6,train
4bz1,train
3b2u,train
1fvc,train
5f96,train
1mj8,train
3a6b,train
6b3s,train
4o02,train
5i9q,train
3drq,train
6wn4,train
5w9o,train
7kfb,train
3v4u,train
3hmw,train
5yd5,train
6nc2,train
4yxl,train
1zan,train
4n8c,train
5w6d,train
5u3n,train
6pec,train
7chf,train
6k68,train
4ywg,train
1ad0,train
5cjx,train
6vca,train
7l5b,train
6orn,train
7k90,train
6ban,train
4nuj,train
6x40,train
4uom,train
6wg1,train
5i8e,train
5njg,train
4mxv,train
5xcu,train
7ndc,train
7lj5,train
6ev2,train
2ajz,train
4jo4,train
6aod,train
5en2,train
3u6r,train
6ca6,train
5jw4,train
7m6g,train
2wub,train
6o25,train
5nh3,train
6apd,train
5a2j,train
1d6v,train
6vbp,train
5cck,train
5i76,train
2o5z,train
4wht,train
5mub,train
4odu,train
1w72,train
1t66,train
5vjq,train
3cvi,train
5ye3,train
6myy,train
5kg9,train
6vep,train
6nov,train
4odh,train
1nmc,train
4r4b,train
3r06,train
1yqv,train
4qyo,train
2bmk,train
7nfd,train
6lbh,train
7jtf,train
2y6s,train
1n5y,train
7lf0,train
6ww5,train
5hi5,train
6pcu,train
1xgr,train
1yek,train
2aju,train
5h35,train
5d1q,train
6n7j,train
4jdv,train
5w9i,train
6plk,train
6mui,train
4hg4,train
6dzl,train
1rvf,train
6apb,train
5w08,train
6bhz,train
5u3d,train
4n9g,train
5a8h,train
7chh,train
6pe7,train
5lbs,train
3qcu,train
3eyf,train
2a1w,train
3c08,train
5szf,train
6qna,train
3qo1,train
1a7o,train
3bkj,train
6wgl,train
7l2f,train
4xnz,train
4hwb,train
6wix,train
3l7f,train
6nb7,train
1cz8,train
1ahw,train
3qhz,train
6usf,train
3nig,train
5j3d,train
4ttd,train
3d69,train
5w1m,train
2qqn,train
5umn,train
6yla,train
6vrq,train
7c61,train
6eti,train
6azm,train
6mtt,train
4q5z,train
1nd0,train
7ktx,train
5ugy,train
6q0l,train
6tyb,train
6bit,train
5fgb,train
6med,train
1lo2,train
4pub,train
5sx4,train
7kbt,train
7mmo,train
1m7i,train
5xmh,train
5uqy,train
5udd,train
3tnm,train
6nb5,train
2hvj,train
3bae,train
6hco,train
5fcu,train
6ad7,train
5wdu,train
4toy,train
6cdi,train
2hff,train
7kqe,train
1nma,train
6tkb,train
7klg,train
3eo1,train
3hzv,train
5wko,train
6gff,train
4m5y,train
7luc,train
6p8n,train
6k5i,train
5mhs,train
6mqs,train
6axl,train
6kz0,train
1plg,train
7lez,train
2iff,train
6dwa,train
6wdt,train
2cmr,train
7lrs,train
3iu4,train
7chc,train
6opa,train
6utk,train
6xuk,train
7czx,train
6bft,train
4nm4,train
2vdn,train
1cf8,train
3tyg,train
6mxs,train
6njm,train
1hi6,train
6dg2,train
6bfq,train
4xcn,train
3eyv,train
5xqw,train
6ch7,train
3wkm,train
3ntc,train
1etz,train
7czr,train
4r4n,train
7lfa,train
6phf,train
5ggv,train
5bk2,train
6azk,train
7ly3,train
6n16,train
5mi0,train
4ma1,train
6o3g,train
1vfa,train
7jks,train
3o45,train
7bwj,train
3s62,train
6b7z,train
5g64,train
7niw,train
4hii,train
6d0u,train
6d6u,train
4n90,train
1cu4,train
6oro,train
4xmm,train
5cex,train
2otw,train
7cgw,train
2a6d,train
7m6e,train
5obf,train
7k8z,train
5i74,train
2ck0,train
6x3w,train
3t3p,train
5ggr,train
5eoc,train
3gm0,train
4fq1,train
6ym0,train
6arp,train
3ijh,train
6i3z,train
5wl2,train
6ofi,train
6mft,train
4utb,train
6iek,train
6eqc,train
2pcp,train
7orb,train
6c5j,train
6elu,train
6woq,train
4j4p,train
1fgv,train
7k76,train
4okv,train
6oz9,train
3uaj,train
6wmw,train
5e94,train
3kym,train
1bvl,train
6udk,train
1sm3,train
5iop,train
6dzn,train
4ncc,train
4m1d,train
6ule,train
6cjk,train
4jo3,train
7kfw,train
4r7d,train
6l8t,train
6mub,train
3rhw,train
4z95,train
4fqy,train
4why,train
6ubi,train
1f4w,train
4lly,train
5dr5,train
5ds8,train
2aab,train
1ken,train
6wj1,train
4jdt,train
3ri5,train
1a7p,train
1nbz,train
7k8y,train
5ibt,train
4m8q,train
7k7h,train
7ncs,train
6ca7,train
5tdo,train
4g5z,train
1dvf,train
6pi7,train
6c9u,train
2eh7,train
7d85,train
6qfc,train
6ol7,train
3o41,train
6mto,train
6dzz,train
4lkc,train
5gs1,train
6ejm,train
5jz7,train
4xwg,train
7m6f,train
6u8d,train
2fgw,train
4kro,train
1n7m,train
2fl5,train
1lo3,train
5ir1,train
6xmi,train
5cey,train
3j2z,train
7k66,train
4nhh,train
6okp,train
5vyf,train
1jgv,train
7kfg,train
3l5x,train
4jfy,train
6umx,train
6r0x,train
6kpg,train
5d72,train
1uwe,train
6nv0,train
1a4j,train
6tys,train
7ly9,train
3s96,train
6pxh,train
3i02,train
5tpn,train
5n7w,train
5n09,train
1kb9,train
5fyl,train
5yhl,train
5j3h,train
4hxa,train
5ldn,train
5icx,train
4xrc,train
7ekk,train
4hij,train
5iq9,train
6lyn,train
6um6,train
7jtr,train
5lwy,train
7mjj,train
6nuy,train
4yr6,train
7dnk,train
3bz4,train
6pef,train
5tkk,train
6pz8,train
6veq,train
4r96,train
5tqa,train
4fqq,train
1ai1,train
6df2,train
5dq9,train
5i73,train
5a7x,train
3gi9,train
4jzo,train
6mhg,train
6wiz,train
6a4k,train
4xh2,train
6bae,train
1hh9,train
1dql,train
5zv3,train
6ww2,train
6wfy,train
5nj3,train
1c1e,train
1him,train
2adg,train
1svz,train
7kr5,train
7d0c,train
6n6b,train
1p84,train
7b09,train
3qos,train
5ezl,train
4rdq,train
6i04,train
6xrj,train
4nrz,train
5w05,train
6o3b,train
7kzb,train
6p3r,train
6cue,train
3u4b,train
3eyo,train
6ce0,train
4nja,train
5y9c,train
5x2q,train
3j2x,train
6oij,train
5t4z,train
7cwl,train
4zfo,train
3bn9,train
4c83,train
4zso,train
6p62,train
6ias,train
4jb9,train
6yxg,train
7czv,train
6lhp,train
7nd7,train
6whk,train
7lk9,train
1cfs,train
6dfh,train
2bdn,train
5f72,train
6mef,train
4rfe,train
7k8w,train
3mly,train
4llu,train
4k23,train
5v2a,train
7nd6,train
6oor,train
5i1k,train
5dhz,train
5mhr,train
4ma3,train
6r8x,train
6ywd,train
5bjz,train
6cwd,train
1yec,train
1f4x,train
5alc,train
6bp2,train
4ocw,train
1mhp,train
1j1x,train
5dd5,train
4hbc,train
5wob,train
1ynk,train
6pdx,train
1q0y,train
6wgk,train
6xkq,train
6cmo,train
6wm9,train
5xxy,train
7a6e,train
6uum,train
3h3b,train
4xbp,train
6j11,train
6mam,train
4wv1,train
3opz,train
3jwo,train
7mhy,train
6p4b,train
5dt1,train
1e6j,train
7k3b,train
6y1k,train
6s8i,train
1rzf,train
4buh,train
6ewb,train
3so3,train
1jnh,train
1qkz,train
5e2v,train
6m58,train
4yho,train
4uil,train
5mu0,train
6ywc,train
4dag,train
6pbv,train
6uvo,train
3nac,train
1ngx,train
2aeq,train
7lkh,train
4s1s,train
4gqp,train
6mph,train
1bey,train
3q3g,train
4qth,train
5x2m,train
3nn8,train
4ouu,train
7n01,train
6flb,train
5t1k,train
3vi4,train
6hkg,train
6ldw,train
6okm,train
6ch9,train
2g5b,train
3loh,train
4rqq,train
1keg,train
1baf,train
3u36,train
5ush,train
3fku,train
1aif,train
7cwm,train
1nfd,train
3c5s,train
6b0e,train
6xm2,train
5d1z,train
2p8m,train
5u7m,train
6cbv,train
6c5i,train
5kw9,train
1rjl,train
6okn,train
6psc,train
7ki4,train
6vn0,train
5o4o,train
1y0l,train
4jg1,train
4uin,train
3gjf,train
6i07,train
3ifo,train
6shg,train
5t0y,train
1oar,train
6frj,train
6oz2,train
6vtw,train
5dd3,train
3zdz,train
5n0a,train
3j8v,train
6co3,train
6xli,train
4hk0,train
2dqi,train
4f37,train
6ju0,train
4hdi,train
6q0o,train
7exd,train
7chy,train
6flc,train
7ej4,train
5xs7,train
3zkm,train
5ggs,train
6vi0,train
4otx,train
5mu2,train
4qhl,train
6e9i,train
5wcd,train
1qyg,train
7bej,train
1iqd,train
1tqb,train
6pv7,train
2xra,train
6w09,train
7kza,train
3qq9,train
6uup,train
4jo1,train
6v8x,train
6vjt,train
2uyl,train
1rz7,train
1qbm,train
6otc,train
5w5z,train
4ckd,train
5owp,train
5nbw,train
1kir,train
6vrk,train
4qf1,train
1rzi,train
6xq4,train
4ocy,train
5i2i,train
4xzu,train
4lvo,train
7o30,train
7bel,train
1za3,train
4jpv,train
2hkf,train
6att,train
4nzt,train
7coe,train
5vn3,train
5u0u,train
7cyp,train
4yhl,train
5ilt,train
5gux,train
5od8,train
6vor,train
4fab,train
1igf,train
4hqq,train
6azz,train
4bh8,train
4ffy,train
6ehv,train
6nc3,train
6a76,train
1cgs,train
1mh5,train
3c09,train
5ig7,train
6b9y,train
6h3u,train
5dd0,train
4etq,train
1qlr,train
5d1x,train
6u59,train
3mj8,train
5jrp,train
4o51,train
6c6x,train
3hi6,train
7e9h,train
5i1i,train
4ki5,train
6qb9,train
4m7l,train
6dca,train
6p50,train
6nuz,train
4zxb,train
7ndd,train
1igc,train
6bt3,train
7m3i,train
6b0n,train
5kan,train
6cnj,train
6n4q,train
5tru,train
7mxl,train
4qnp,train
2q76,train
6iw0,train
4xpt,train
6okq,train
2dtm,train
6wvz,train
5jo4,train
7czu,train
5esz,train
1g7h,train
6cez,train
6orq,train
1axt,train
6z3k,train
5jsa,train
4ocs,train
1pg7,train
1g7j,train
7dk5,train
7l2d,train
6cwt,train
6rcu,train
6y9a,train
7beo,train
6nij,train
6fgb,train
3j42,train
4qt5,train
6xc4,train
7ley,train
7ll2,train
5fec,train
4qhk,train
7m6h,train
5b4m,train
7kba,train
3g5x,train
5aze,train
4xp5,train
3iy6,train
5vsi,train
6ehw,train
6tcn,train
3vi3,train
3ls5,train
5uix,train
6mns,train
1a6t,train
5hj3,train
3bky,train
7m42,train
1wej,train
6x1v,train
3hi1,train
6x9r,train
5ies,train
7dfb,train
6cbj,train
3rvt,train
7n65,train
1lo4,train
1ncw,train
4m1g,train
6ugt,train
6cxy,train
7bua,train
1bog,train
5a16,train
6fy0,train
4ffv,train
7lsi,train
6omm,train
2ntf,train
4ky1,train
1fvd,train
6e9h,train
1tet,train
4oga,train
2jel,train
2ny7,train
3qwo,train
3zdy,train
6zjg,train
6ztf,train
6dcq,train
7ljb,train
5icy,train
5i17,train
5itf,train
5w9p,train
6phh,train
3vga,train
6iea,train
6wik,train
1rhh,train
5gzo,train
4r97,train
1lk3,train
5euk,train
5ivz,train
6ulc,train
7dk6,train
6tco,train
4hf5,train
7c94,train
6p60,train
4hjg,train
4nkd,train
1ae6,train
5ysl,train
5j13,train
6w00,train
3ux9,train
4llw,train
7l58,train
5tjd,train
7kzz,train
6q0i,train
6z7w,train
6pis,train
7a5r,train
1rul,train
7k4n,train
4pp1,train
6fy1,train
1c08,train
5i19,train
5mv3,train
4yzf,train
4f58,train
1egj,train
3sge,train
7dzy,train
6u8k,train
4hlz,train
1n0x,train
6wgj,train
3l95,train
3ru8,train
6b5n,train
1i8m,train
1ic4,train
5gks,train
5vag,train
5vkk,train
6a77,train
5f9o,train
6t9e,train
5w9m,train
4gw4,train
6cxc,train
6db5,train
6vlr,train
6mwv,train
1xgq,train
6bkc,train
6pzh,train
5f6j,train
2a0l,train
7mf7,train
4x7s,train
4xaw,train
5dmi,train
6wps,train
3j8z,train
7jmp,train
3na9,train
6u02,train
1yjd,train
5csz,train
6j5f,train
5kaq,train
6e4z,train
5c0r,train
5xaj,train
7kfh,train
5gir,train
3eot,train
1s3k,train
5vlp,train
3ujj,train
4xp1,train
5tkj,train
6ghg,train
3hzm,train
7akj,train
3j1s,train
7r8m,train
6ohg,train
6phg,train
7m6i,train
6ii8,train
6a79,train
6l62,train
5i6z,train
5ujz,train
5tpp,train
7d00,train
6lml,train
6vy5,train
4jan,train
4ojf,train
4gaj,train
4p3d,train
2fx7,train
3tt3,train
6mco,train
6kvf,train
6bf7,train
6b5m,train
6muf,train
6xja,train
2v7h,train
1igt,train
3cvh,train
5th9,train
1adq,train
6uud,train
3ria,train
5kvd,train
4k9e,train
6oy4,train
5dqd,train
4amk,train
6o42,train
4kht,train
5etu,train
1kcv,train
6v4n,train
7c01,train
6xqw,train
6ddr,train
6y9b,train
1oau,train
1d5b,train
6xp6,train
2vwe,train
6nfc,train
6db7,train
6mnf,train
2j4w,train
6wno,train
4qxu,train
6pze,train
7bud,train
6feq,train
5ywf,train
1riu,train
6xbl,train
3j2y,train
3w12,train
5udc,train
6bgt,train
1rih,train
5ea0,train
2xqy,train
6n2x,train
6pe8,train
1qfu,train
1ehl,train
6qno,train
5x8l,train
4hc1,train
3j3z,train
3lh2,train
4odt,train
12e8,train
4m7z,train
6uye,train
5gjs,train
6pk8,train
5w4l,train
6p67,train
2zuq,train
4odv,train
5u6a,train
1a6v,train
4fqk,train
6nmr,train
3ngb,train
7mjk,train
4wy7,train
2j6e,train
5i1h,train
4kq4,train
1nbv,train
7k37,train
2c1p,train
5jyl,train
3cfb,train
1mfc,train
3nid,train
7lue,train
6vbq,train
5y2k,train
6v6w,train
6bb4,train
6bf9,train
4wfh,train
6e64,train
3eyq,train
3jba,train
5c7k,train
2nyy,train
5fb8,train
2vdo,train
1q72,train
1q9w,train
3uji,train
5gzn,train
5w1g,train
7elx,train
4m5z,train
7cec,train
1ad9,train
7c81,train
6osy,train
4wfg,train
6xox,train
6emj,train
7e32,train
6qf6,train
1fbi,train
6wty,train
1hh6,train
2dbl,train
2aj3,train
6cyf,train
5t5b,train
1f3d,train
7nd9,train
6fax,train
6mfp,train
6x58,train
5bvp,train
6x3z,train
3ixt,train
4gms,train
4h88,train
1i7z,train
3qnz,train
6mu8,train
5vl7,train
5uea,train
3o2v,train
6p95,train
5jue,train
7l2e,train
4yhn,train
7cu7,train
2o5y,train
4zff,train
5c7x,train
3iy5,train
6bf4,train
5ado,train
4krp,train
5tl5,train
4edx,train
4jha,train
6mtp,train
1cr9,train
1wz1,train
5w23,train
5jxe,train
7mf8,train
1l7t,train
1oak,train
1jnl,train
5vpl,train
6z2m,train
6v4o,train
4z7o,train
3et9,train
6sf6,train
5odb,train
7jln,train
6b14,train
5bo1,train
3lqa,train
5bq7,train
6xcn,train
7cwn,train
4ypg,train
5x5x,train
7fab,train
4trp,train
3dgg,train
4xcc,train
5c0n,train
6mnq,train
6w2c,train
7dpm,train
5jym,train
1afv,train
5cjo,train
7l7d,train
3fo1,train
1tzi,train
1dqj,train
3r1g,train
6wex,train
4u1g,train
3ze2,train
7kzx,train
2zjs,train
3qum,train
6ba5,train
5nj6,train
5d7s,train
5cip,train
5aum,train
4xpb,train
7kpb,train
6o41,train
4rzc,train
6e9k,train
6btj,train
6nha,train
7bub,train
3l5y,train
1cic,train
6xbm,train
4dkf,train
5mev,train
5i15,train
3mcl,train
1aqk,train
4hk3,train
4zfg,train
1rum,train
7lqv,train
6lhq,train
2cju,train
3u0t,train
2qqk,train
1fe8,train
6ldy,train
2fjg,train
5jw5,train
3b9k,train
2hwz,train
3g6a,train
7d0d,train
6be3,train
7kf9,train
4m62,train
1m71,train
6uyg,train
5vf6,train
5zuf,train
6cxl,train
4kuz,train
2jb6,train
4xx1,train
7lcn,train
6ztr,train
7beh,train
6p79,train
3cfd,train
3s34,train
6ieb,train
3sqo,train
1opg,train
6jp7,train
5gkr,train
5ywp,train
3wfe,train
2oz4,train
3ls4,train
5eii,train
5ikc,train
6u85,train
7f9z,train
2vdq,train
3cfe,train
4jzn,train
4gmt,train
4uu9,train
4z7q,train
4xmk,train
6pe9,train
6ddm,train
6azl,train
2xqb,train
6bi2,train
4yqx,train
4i9w,train
6hf1,train
4iml,train
4n0y,train
5x08,train
7kqb,train
1ay1,train
5u5f,train
3uze,train
1c12,train
5yoy,train
6urm,train
6cuf,train
6w51,train
6phb,train
5xj4,train
4jpi,train
3qny,train
5f89,train
7bsd,train
6z2l,train
7jix,train
4dvb,train
6x9u,train
6ele,train
5t33,train
2dtg,train
1ub6,train
5mhg,train
4tvp,train
3kj4,train
6vx4,train
4hcr,train
6jhr,train
5k8a,train
7jx3,train
7o33,train
4qci,train
1hil,train
5it2,train
6qnk,train
3sob,train
1riv,train
6vtu,train
3tcl,train
7rth,train
5i5k,train
5tqq,train
6xrt,train
6ucf,train
4hh9,train
6xq2,train
1q1j,train
1rzg,train
5voc,train
6de7,train
6dfj,train
6my4,train
7mem,train
6mei,train
6k5f,train
3d9a,train
6eyn,train
2osl,train
7nd0,train
6oan,train
4zs7,train
3gbm,train
5jhl,train
5t6p,train
5hpm,train
7ekb,train
6xsn,train
1kno,train
7jva,train
6peh,train
5t3x,train
6dde,train
1yy8,train
5wt9,train
3bqu,train
7e23,train
4u6g,train
6zh9,train
6vn1,train
6bpb,train
5e8d,train
6ii9,train
7nx9,train
4yx2,train
3w9e,train
6ad0,train
5u3l,train
5xf1,train
7mm0,train
4m1c,train
5lx9,train
3cmo,train
5occ,train
3cxd,train
6msy,train
5jw3,train
2mpa,train
1rua,train
5wcc,train
5ogi,train
5mvz,train
4d3c,train
2h9g,train
4ybq,train
7lja,train
3o2d,train
4uta,train
3dvg,train
3eff,train
6uqr,train
6mi2,train
2vxs,train
4r4h,train
4hgw,train
4s1q,train
1bbd,train
7cea,train
6hgu,train
6e65,train
7dfp,train
6k7o,train
4r0l,train
5cgy,train
6x9s,train
6oik,train
7ndb,train
1tzh,train
5dtf,train
5e99,train
1yuh,train
4k2u,train
5dlm,train
1nc4,train
6ocb,train
7czp,train
4kte,train
5tfw,train
6w2b,train
4kq3,train
5w9n,train
4oii,train
2a6j,train
6s8j,train
3nz8,train
4isv,train
6ea7,train
6dc5,train
3phq,train
6vrl,train
4ydi,train
3h42,train
5hi3,train
3kdm,train
7kxj,train
5kqv,train
5fuo,train
6d0x,train
4k7p,train
7f63,train
7cak,train
1hez,train
3ztj,train
5tdp,train
8fab,train
3oau,train
6i1o,train
4rav,train
4s1r,train
3ks0,train
7chp,train
4p3c,train
3ffd,train
4g7v,train
5wna,train
7e7e,train
3zl4,train
7c6a,train
1mex,train
7kqi,train
1rmf,train
5jny,train
5ud9,train
6n5b,train
6erx,train
7e7x,train
6n8d,train
5dur,train
4z7n,train
6e62,train
3w14,train
2vdr,train
6b5o,train
1dfb,train
4xnm,train
4tsc,train
1uj3,train
7l1v,train
6nn3,train
5hi4,train
3vrl,train
1it9,train
7e7y,train
5ur8,train
7cdi,train
1ruq,train
5v7r,train
6s8d,train
3vg0,train
6fg1,train
1ind,train
7kxk,train
3iet,train
5uem,train
4xi5,train
4aeh,train
4ydv,train
6mu7,train
5t3z,train
5jof,train
3u46,train
3f12,train
5kve,train
5ock,train
5u8q,train
4fql,train
2adj,train
6cvk,train
5u3o,train
4npy,train
3dvn,train
5w06,train
5fuz,train
1mrd,train
5ezo,train
7ezh,train
4tsb,train
5vvf,train
5icz,train
6qf9,train
4x80,train
1e4x,train
5id0,train
1cfq,train
6rco,train
4jzj,train
6i8s,train
6xca,train
7byr,train
7d77,train
3mlu,train
7khf,train
6wx1,train
7dk7,train
4mxw,train
4rgm,train
2gjj,train
3v6f,train
1mf2,train
5l0q,train
6qu9,train
7kfy,train
6e3h,train
5v7u,train
4kaq,train
1jp5,train
7jr7,train
5xcq,train
5hyq,train
6cdo,train
3ab0,train
7r8l,train
3j93,train
4k3d,train
4fqv,train
3p30,train
7k8x,train
5t1l,train
1dqq,train
1oax,train
6m3c,train
3wfh,train
6vsr,train
2fx8,train
1i9r,train
4olw,train
3tt1,train
6w1c,train
2vdk,train
2xza,train
5xcs,train
4rrp,train
3eyu,train
5f9w,train
4j6r,train
1dbm,train
7k75,train
7dc8,train
6xgc,train
6wtv,train
1mfb,train
5tpw,train
2vl5,train
5cbe,train
3vw3,train
4ptu,train
7neq,train
1kb5,train
3w13,train
4z8f,train
6vlw,train
4lvn,train
6q1j,train
6p4y,train
1il1,train
1fai,train
5n4j,train
7k39,train
4od2,train
4om0,train
7cm4,train
5i18,train
6bpa,train
5bv7,train
5tgb,train
6z3p,train
6fy3,train
1um4,train
2gsi,train
7kqg,train
6k65,train
6b5t,train
5kzp,train
3wfd,train
1kcr,train
5sy8,train
5uko,train
1ub5,train
7l09,train
5utf,train
6mqc,train
2brr,train
4rnr,train
6xq0,train
2ibz,train
3whx,train
3dv4,train
4i3r,train
1n8z,train
4s2s,train
7ahu,train
4x0k,train
4f9p,train
1kem,train
3ze0,train
4g6a,train
4k94,train
1dba,train
7klh,train
2r29,train
6q1k,train
5c6t,train
6mug,train
3nfp,train
7c2l,train
7lyw,train
1ncc,train
6j15,train
5jor,train
4mwf,train
6kdi,train
3jau,train
4ut9,train
5ggt,train
6u1n,train
7ra8,train
1kip,train
4xp9,train
1nl0,train
5wtt,train
6umh,train
1h3p,train
4jlr,train
5i8o,train
5gz0,train
2fx9,train
5awn,train
6p9j,train
6pxg,train
4qti,train
4lsr,train
3be1,train
3c6s,train
7n0v,train
6z3q,train
6lcs,train
6vyv,train
7nw3,train
4tpr,train
6krz,train
1kel,train
6ss0,train
5xcr,train
5wth,train
6v4r,train
1cfn,train
6cdm,train
4oaw,train
1mim,train
3uzv,train
1gc1,train
6wx2,train
6avn,train
6xc7,train
4nm8,train
6d9w,train
5bk0,train
6obz,train
7ls9,train
5lxg,train
2r69,train
2eh8,train
6k41,train
6w16,train
3mnz,train
4kxz,train
4yhk,train
3ifn,train
2or9,train
3uyr,train
7l02,train
6jhs,train
5e8e,train
4lu5,train
5a3i,train
7ahv,train
1bln,train
6p65,train
7lwd,train
3sgd,train
7ki6,train
7dk4,train
6c6y,train
4rfo,train
6mw9,train
5yd4,train
6i9i,train
3uyp,train
3se9,train
5az2,train
6lz9,train
1r24,train
6uym,train
1uz8,train
3lex,train
7n0u,train
6wxl,train
6n5d,train
3csy,train
5fha,train
1fgn,train
6c6z,train
6bpc,train
6y1m,train
5b71,train
6aj9,train
3idx,train
7km6,train
4ub0,train
4ubd,train
3c2a,train
3sm5,train
1psk,train
2dqj,train
5l9d,train
4cad,train
4wff,train
6os9,train
6e9g,train
1fl6,train
6b0h,train
7n64,train
6wer,train
5f45,train
5gis,train
6dfi,train
4qy8,train
4nco,train
1um5,train
3u7w,train
6ujb,train
3u9p,train
5y9j,train
6x5e,train
3ncy,train
5uxq,train
2vxt,train
7d4g,train
2j5l,train
5l7x,train
6xbj,train
7lok,train
4gay,train
5do2,train
6dlb,train
1fdl,train
3if1,train
6mlm,train
5y2l,train
4nyl,train
6wiy,train
6axp,train
4oly,train
4bh7,train
6dcw,train
6uul,train
3rkd,train
5y11,train
3dur,train
6xoc,train
6nqd,train
7l56,train
7ld1,train
1tzg,train
6t3j,train
3tv3,train
6vrt,train
7dnl,train
6adc,train
3qnx,train
2zcl,train
6u6u,train
6bzv,train
4k8r,train
6meg,train
4xpf,train
4las,train
2nz9,train
3lzf,train
5mhe,train
1vpo,train
1rur,train
6yye,train
3rvv,train
6wbv,train
6au5,train
3wd5,train
25c8,train
3u1s,train
7l06,train
4hfu,train
6umi,train
6be2,train
6jc2,train
1zlv,train
4tul,train
7jhg,train
6j5d,train
4hix,train
6hjp,train
6vbo,train
7nrh,train
3o2w,train
7lxx,train
4r26,train
6vrh,train
6axk,train
6xpr,train
3gbn,train
6snd,train
4h8w,train
3j5m,train
1f90,train
5lxa,train
6eyo,train
5e2w,train
2dqc,train
2wuc,train
3ujt,train
6ldx,train
6uuh,train
2zpk,train
6pzf,train
4glr,train
5dum,train
3ma9,train
6dn0,train
5tdn,train
5grv,train
3ck0,train
6pxr,train
6pdu,train
7lrt,train
6fla,train
7o31,train
6vy6,train
5uel,train
6a3w,train
3u4e,train
6p3b,train
5w6g,train
7n3d,train
4gw1,train
6x1u,train
4ot1,train
1p2c,train
3raj,train
3i2c,train
4lar,train
7lj4,train
5vcn,train
5kn5,train
1za6,train
5fgc,train
7jwp,train
4cmh,train
6a67,train
4zs6,train
3qpx,train
7lxz,train
6y54,train
2y06,train
4yaq,train
7k8p,train
1xf2,train
5vh4,train
6vi2,train
5xjm,train
4mhj,train
6mdt,train
5i1e,train
6tcs,train
4gq9,train
7keo,train
2ajx,train
6yhq,train
7mfb,train
6q19,train
7n3h,train
6ot0,train
5zxv,train
6xud,train
6fab,train
1n6q,train
6ymq,train
1mie,train
5whk,train
7e9b,train
1m7d,train
4o9h,train
5wn9,train
5hdb,train
7m71,train
3hmx,train
6ehx,train
5otj,train
6ln2,train
6meh,train
2dqf,train
6obd,train
1g9n,train
1u6a,train
1vge,train
4pb9,train
7dq7,train
1j1p,train
1tpx,train
6uta,train
6ks2,train
4osu,train
4j1u,train
6wn1,train
6q1g,train
7k5y,train
6x3u,train
5uk0,train
3v4p,train
5j74,train
4jn1,train
6a9k,train
1dbj,train
6mzj,train
5kel,train
6dc4,train
5jq6,train
6dsi,train
3ze1,train
2iq9,train
5u4r,train
4oqt,train
4mau,train
7jv4,train
5vgj,train
2hh0,train
7chz,train
3mlw,train
4jam,train
4hfw,train
6vyh,train
5aam,train
6lgw,train
6tgg,train
5n7b,train
4ye4,train
2vdl,train
1yeh,train
6g8r,train
5esv,train
1nmb,train
3qct,train
3r08,train
5vz1,train
5drz,train
5czx,train
3gkz,train
5ucb,train
3ulv,train
4rgn,train
4f9l,train
5ff6,train
6bqb,train
3bdy,train
5yup,train
1t4k,train
6wor,train
4d9r,train
4gw5,train
5i1l,train
5ywo,train
6vkn,train
6bdz,train
3nif,train
6cmi,train
4zpt,train
3bkm,train
3wii,train
5w5x,train
4pb0,train
4jre,train
4iof,train
6y90,train
5kmv,train
5drx,train
2orb,train
4ocr,train
6umg,train
1xf3,train
6xey,train
3q6g,train
1ggb,train
4fz8,train
5esq,train
4olu,train
7k45,train
7n3g,train
5b3j,train
6dfg,train
6mu6,train
6ulf,train
6ada,train
6mtq,train
2vdp,train
5th2,train
4khx,train
4lqf,train
4qww,train
6ion,train
3mnw,train
3qeg,train
6aj7,train
6yor,train
6wfx,train
7lua,train
6nnj,train
7e8f,train
5o14,train
5cd5,train
3vg9,train
6rcs,train
3pp3,train
5d9q,train
1kc5,train
5gjt,train
4xvs,train
5ezj,train
6nex,train
6b5p,train
1yeg,train
1b4j,train
6xpz,train
6qn9,train
6ks0,train
5tq0,train
1mj7,train
4hih,train
2adi,train
7d0b,train
5e08,train
7phq,train
4i2x,train
6lfo,train
3ulu,train
5cjq,train
6ayz,train
4i18,train
4xml,train
3kyk,train
1i9i,train
6ujc,train
7jxe,train
5w3e,train
35c8,train
1xgy,train
5m63,train
5ocy,train
5dqj,train
3h0t,train
3a67,train
2eiz,train
1ezv,train
2ymx,train
7n8i,train
5xli,train
7bpk,train
6ol6,train
3zkn,train
4nnp,train
7lud,train
4uik,train
7n3e,train
4g6j,train
6wzt,train
3utz,train
6amj,train
1ynl,train
6q20,train
3skj,train
5tzt,train
5tud,train
7m3n,train
5jxa,train
3lrs,train
6mhr,train
5ug0,train
5t80,train
7l0n,train
1yee,train
4lex,train
6o3d,train
1acy,train
3iy0,train
5hhv,train
2qad,train
2igf,train
4x4y,train
1jgl,train
6wf1,train
6u38,train
6yxl,train
6glx,train
4xnx,train
5trp,train
6amm,train
1rup,train
6plh,train
5anm,train
3cxh,train
6bpe,train
3j7e,train
5o1r,train
7kcr,train
6ayn,train
6d6t,train
6d11,train
7or9,train
2hrp,train
5vph,train
6phc,train
7e9g,train
2uzi,train
6m2r,train
1fn4,train
5dd1,train
5dsc,train
4lsv,train
2fjh,train
5t1m,train
3hc0,train
3jwd,train
7rw2,train
6x3v,train
6n32,train
2ajs,train
6ch8,train
6p9i,train
3fo9,train
3rvu,train
5i16,train
3fmg,train
7laa,train
6osh,train
7cyh,train
3fo2,train
7r7n,train
2z4q,train
6vu2,train
6ppg,train
4fnl,train
4m7k,train
3v4v,train
3v6o,train
6rps,train
4fqi,train
6e4x,train
3drt,train
6h3t,train
7ej5,train
6dw2,train
4tuo,train
6x3s,train
6igu,train
1ggi,train
2a6i,train
1fpt,train
5xhv,train
6pyd,train
5xcx,train
6snh,train
5c2b,train
1clz,train
3bgf,train
5mes,train
5v7j,train
3ggw,train
7k60,train
3qg7,train
1ruk,train
4jm2,train
7nx7,train
4ene,train
1nj9,train
1p4i,train
3mlx,train
5wb9,train
5w0k,train
1ap2,train
6dzr,train
1bz7,train
5wtg,train
4ogy,train
5j75,train
1a5f,train
6lfm,train
5usl,train
5vpg,train
6e5p,train
4tqe,train
3bt2,train
7nd3,train
7cac,train
6u2f,train
4kvn,train
6oed,train
2yk1,train
1i8k,train
7mjl,train
4a6y,train
6awq,train
5jqd,train
2ai0,train
7l3n,train
5jop,train
3q1s,train
3wbd,train
6iap,train
2y5t,train
6ltg,train
4yjz,train
4dgi,train
6kyz,train
3bkc,train
7che,train
2ipu,train
3a6c,train
1orq,train
1ikf,train
7nwl,train
1kfa,train
3l5w,train
1nak,train
6nms,train
3fn0,train
2zck,train
6o39,train
7joo,train
6pwc,train
7mkm,train
4zd3,train
6nb3,train
5tf1,train
4dcq,train
1kn2,train
15c8,train
4hzl,train
6wds,train
6my5,train
1nld,train
6az2,train
1igm,train
4xvt,train
2yc1,train
7cho,train
4gag,train
3rvx,train
3se8,train
5jr1,train
3rvw,train
3klh,train
4ocx,train
3inu,train
6cnv,train
6cm3,train
2r4s,train
4dgv,train
6ad8,train
3dsf,train
5xcv,train
3qg6,train
3gi8,train
6ieq,train
4ydl,train
5te7,train
6b3d,train
6qd7,train
4p49,train
3qhf,train
5i8k,train
2ojz,train
6rcq,train
2fd6,train
6ell,train
6uyn,train
5n4g,train
1cl7,train
5epm,train
6uj9,train
1nsn,train
5aco,train
2qql,train
3pgf,train
6gfe,train
1cbv,train
4ktd,train
5bzd,train
7lf8,train
6dwc,train
4py8,train
1a7r,train
1eap,train
1mre,train
2j88,train
4xnq,train
6ani,train
2bfv,train
4jkp,train
5xez,train
6xcm,train
6me1,train
1j5o,train
2a77,train
6gv1,train
6gku,train
1c5d,train
7det,train
5dk3,train
7e33,train
6o3a,train
5xbm,train
6apc,train
5y9k,train
4f3f,train
5igx,train
7a65,train
6ivz,train
1jgu,train
6ugu,train
7nd4,train
5tz2,train
4jn2,train
1r0a,train
6kpf,train
2xa8,train
3qot,train
7l57,train
6p8m,train
4wfe,train
6jbt,train
2vq1,train
6wfz,train
4kvc,train
6sni,train
6xe1,train
4rir,train
5tq2,train
5chn,train
7ebr,train
1t04,train
4p9h,train
6mqe,train
6ehy,train
4tuj,train
6uyf,train
2gjz,train
3bsz,train
6m47,train
5k9o,train
1f4y,train
7jn5,train
32c2,train
6aru,train
5w3p,train
6p8d,train
6bah,train
1rfd,train
6ukj,train
3mlz,train
6qb6,train
2y07,train
6j5g,train
7eaj,train
6b9z,train
3w9d,train
7niu,train
6jep,train
6k5d,train
3we6,train
6q18,train
1a14,train
6niu,train
5k9k,train
7e3b,train
4yc2,train
1mrf,train
1xiw,train
3iy1,train
7ebz,train
7jvd,train
4xpa,train
6k5a,train
7czt,train
4ffw,train
5ibu,train
7mkl,train
1uyw,train
7n3i,train
7ec5,train
5waw,train
6bkd,train
6avu,train
7r6x,train
7m7b,train
7ezm,train
6mqr,train
6wez,train
7jmo,train
7lbe,train
6vjn,train
1wcb,train
4ong,train
1a4k,train
5i66,train
2w9e,train
1k6q,train
4zyk,train
7jmx,train
4edw,train
7ean,train
4ij3,train
1ncd,train
6cnr,train
4idj,train
4ngh,train
5wnb,train
7m1c,train
7dfc,train
4qhn,train
6opo,train
4xp6,train
7a6c,train
5uek,train
5nhw,train
1kcu,train
5f6i,train
6u3z,train
3egs,train
5fxc,train
3mbx,train
2z92,train
5ifa,train
5wdf,train
7eo0,train
6e9u,train
5ezi,train
7chs,train
4hha,train
6vms,train
6ye3,train
3s88,train
3u9u,train
3n9g,train
6awo,train
1fl5,train
6j6y,train
7djz,train
7ll1,train
6xlz,train
5a2k,train
2gcy,train
7bg1,train
5t3s,train
6xbk,train
4xmn,train
1xgp,train
1f8t,train
6xpq,train
1c5c,train
5hdq,train
5c0s,train
3wih,train
5erw,train
6oc7,train
3hc3,train
4dvr,train
6nb6,train
6aq7,train
2dqd,train
2r4r,train
6vja,train
4kuc,train
6awn,train
2xzq,train
4xmp,train
2eks,train
6m38,train
1ic7,train
6x78,train
6ck9,train
3u2s,train
2znw,train
1fig,train
5t1d,train
5cjs,train
6wzn,train
6b6z,train
4irz,train
7cmk,train
1bvk,train
5w3o,train
1clo,train
1a2y,train
2ddq,train
4m6o,train
5wk2,train
6m3b,train
1j1o,train
7nd5,train
5xrq,train
3hi5,train
5w3m,train
6u9s,train
4jy5,train
7bz5,train
4jpw,train
5dub,train
6bpd,train
6cnk,train
6xtg,train
4ma7,train
2d03,train
4jj5,train
3vfg,train
2f19,train
5ghw,train
5ken,train
5w3l,train
3wxv,train
1a3r,train
5fhb,train
6wos,train
6cmg,train
5t29,train
5f7e,train
6mvl,train
4ydk,train
7ceb,train
6ss2,train
7e3c,train
5ywy,train
4jg0,train
1hkl,train
3w2d,train
3jab,train
1ine,train
6wo3,train
6w03,train
4dtg,train
4qxg,train
4fq2,train
5i1a,train
4bz2,train
2gsg,train
6df0,train
5ukp,train
6b9j,train
7kmk,train
4nki,train
4yhm,train
2ak1,train
4laq,train
6gk7,train
4tuk,train
7ljr,train
6n4b,train
6srv,train
1cly,train
5ik3,train
1ce1,train
1kcs,train
4olz,train
5uwe,train
1oaz,train
6e4y,train
6sv2,train
6phd,train
4onf,train
3pho,train
2jix,train
7e39,train
5nmv,train
7k5x,train
3hzk,train
5u3p,train
2r0w,train
7a69,train
7jkt,train
5xhg,train
6y49,train
4v1d,train
6oel,train
6e63,train
4rx4,train
6avq,train
6bkb,train
4yhy,train
6p7h,train
5i1c,train
5l88,train
6oz4,train
6foe,train
7dzx,train
5tfs,train
4yue,train
6al5,train
6ca9,train
1ndg,train
1dqm,train
4fqc,train
3i50,train
6dzv,train
2i60,train
4rgo,train
6xcj,train
1s78,train
6snc,train
1ob1,train
2ap2,train
2dqh,train
7c95,train
1dqd,train
7d3k,train
6oe4,train
5ye4,train
1tqc,train
6p4c,train
3uo1,train
2agj,train
6p91,train
2q8b,train
2r0z,train
3nab,train
1t2q,train
1a0q,train
4jfz,train
7mjs,train
4od3,train
5u0r,train
1ztx,train
5h2b,train
4k3j,train
4yxh,train
7lsb,train
1nc2,train
6lxi,train
4p9m,train
1hq4,train
6gg0,train
5myx,train
6xpy,train
4lci,train
3w11,train
4u6h,train
6uce,train
4uao,train
1hys,train
4gsd,train
4g7y,train
5npi,train
5u1f,train
5adp,train
2vc2,train
6yx9,train
6iut,train
6wo5,train
2b4c,train
3n85,train
6d9g,train
4nhc,train
1xgt,train
2a6k,train
2g60,train
7jhj,train
6tul,train
5l6y,train
2hkh,train
2w9d,train
6wit,train
6tou,train
7nxb,train
6fzq,train
6ncp,train
5zs0,train
6w05,train
4xc1,train
4jy6,train
5kvf,train
2qhr,train
7kkz,train
2dqu,train
1bgx,train
1a7q,train
5w42,train
4xc3,train
6fbj,train
6pwu,train
3qeh,train
1mvu,train
6oc3,train
1a3l,train
3d0l,train
6wyt,train
6wwz,train
7czy,train
2fat,train
7e5y,train
5mo9,train
4ps4,train
6xpx,train
1kn4,train
7ks9,train
5myk,train
4xbe,train
6o24,train
3d85,train
7m6d,train
4uv4,train
1q0x,train
5vob,train
5myo,train
1mju,train
4i3s,train
4g6k,train
5wkz,train
2dqe,train
6cr1,train
5d8j,train
5w0d,train
2dqg,train
3o6l,train
1vfb,train
3g5z,train
1yy9,train
6pyc,train
6wio,train
1ru9,train
5opy,train
4nj9,train
6pds,train
1kiq,train
5x2o,train
6mts,train
6w73,train
6mwn,train
4m48,train
4fqj,train
3idi,train
6v4p,train
1s5i,train
4hie,train
7lkf,train
2vxu,train
1ibg,train
6dc8,train
6nmt,train
5o7p,train
1bql,train
3mj9,train
6dez,train
6qb3,train
1e4w,train
5kjr,train
3thm,train
6r2s,train
6ddv,train
6adb,train
6wpt,train
5ocx,train
6vtt,train
6ml8,train
6urh,train
4lsp,train
5ubz,train
3ghb,train
5i71,train
1yei,train
2f5a,train
4lkx,train
1mam,train
3g04,train
4dw2,train
6mlk,train
1yej,train
7jgj,train
6x4t,train
6mtr,train
4yhz,train
4jr9,train
6cdp,train
5ob5,train
3iy3,train
7jvr,train
7k8r,train
6mtj,train
4xvj,train
5i30,train
1g9m,train
2vxq,train
4hs8,train
1jnn,train
6nou,train
5v6m,train
6u6m,train
7mhz,train
4dke,train
6w4v,train
1jhl,train
4lou,train
4ers,train
5i6x,train
2vdm,train
6ks1,train
3ld8,train
6ss6,train
1t3f,train
6hga,train
6u3i,train
7cr5,train
3b2v,train
5uby,train
5o4g,train
5lcv,train
4hkx,train
6jht,train
6q0h,train
5w2b,train
4xak,train
6b5r,train
3o6k,train
3s37,train
6w4s,train
5x4g,train
3sdy,train
6vgr,train
1iqw,train
7lbg,train
6xkr,train
1bfv,train
6mid,train
4g3y,train
7n62,train
6b0w,train
5wi9,train
6p4a,train
2ipt,train
4nzr,train
4fze,train
6d2p,train
7cvs,train
7lf7,train
5ukn,train
6wj0,train
4nwu,train
7bek,train
1d5i,train
3cle,train
6gk8,train
1for,train
2op4,train
4wcy,train
3o0r,train
7jkm,train
6uoe,train
4g6m,train
1q9o,train
7f62,train
4xny,train
2yss,train
6y1n,train
7dm2,train
1cft,train
6xdg,train
1qgc,train
7ntc,train
5vic,train
6pzg,train
6gc2,train
6dkj,train
2dd8,train
6jjp,train
3ldb,train
6vos,train
3v52,train
5vzy,train
3wfc,train
5nph,train
6suz,train
7njz,train
6qb4,train
4lss,train
3twc,train
6mf7,train
1g7i,train
6pt0,train
6tcm,train
6db6,train
3ztn,train
7kyo,train
6dl8,train
6z06,train
6ni2,train
3naa,train
5i8c,train
6pdr,train
6o26,train
6wha,train
4jy4,train
1jrh,train
2y36,train
4olv,train
2ykl,train
5cp3,train
1aj7,train
6w7s,train
5ngv,train
4wuu,train
6pbw,train
6vln,train
1xgu,train
1um6,train
4kmt,train
7lbf,train
2vh5,train
6awp,train
6u6o,train
6lz4,train
2aep,train
6osv,train
5i1j,train
5drw,train
7nda,train
4uv7,train
5yax,train
4ods,train
4ogx,train
3qrg,train
6lra,train
1dsf,train
6vel,train
7l2c,train
7chb,train
3k2u,train
7aue,train
5weq,train
1hin,train
6x9t,train
6q0e,train
7k8u,train
6ogx,train
5nb5,train
3nzh,train
2dqt,train
1g7m,train
6hhc,train
1i8i,train
2fr4,train
1a7n,train
6cbp,train
2zkh,train
4nik,train
6nb8,train
3i75,train
7eak,train
1ghf,train
6wo4,train
5ayu,train
7l1u,train
1pz5,train
1mfd,train
3iy7,train
4hkz,train
5u3m,train
5veb,train
3wxw,train
7k3q,train
5ty6,train
4r90,train
6oz3,train
3tje,train
4lsq,train
1p4b,train
6m3z,train
7k8o,train
5gmq,train
7cmu,train
6nis,train
4ptt,train
5a2l,train
4r4f,train
3hzy,train
1jn6,train
3o6m,train
7jxc,train
4jm4,train
1ncb,train
5ewi,train
1gaf,train
6kx1,train
4hpo,train
6t3f,train
6avr,train
3grw,train
2cgr,train
6fzr,train
5w6c,train
4dqo,train
7kra,train
5grj,train
6wir,train
1ucb,train
4ebq,train
7df9,train
1i9j,train
1ck0,train
1ngq,train
4ht1,train
7klc,train
4i77,train
4k24,train
3g6d,train
6xr0,train
1cfv,train
2jb5,train
6mnr,train
6b0a,train
6xy2,train
5itb,train
4r3s,train
7rnj,train
4lst,train
5zud,train
2h1p,train
2ok0,train
3u7y,train
1ifh,train
3g5v,train
7cah,train
3kr3,train
4lsu,train
4od1,train
2adf,validation
2v17,validation
3lmj,validation
3m8o,validation
4hpy,validation
1gig,validation
3nps,validation
3e8u,validation
1fns,validation
3liz,validation
2fbj,validation
2r8s,validation
3go1,validation
3v0w,validation
4h20,validation
4f57,validation
2w60,validation
1jfq,validation
3hnt,validation
2d7t,validation
1nlb,validation
4nzu,validation
3eo9,validation
3giz,validation
1mlb,validation
3oz9,validation
3g5y,validation
2xwt,validation
3gnm,validation
3i9g,validation
2e27,validation
1mfa,validation
1oaq,validation
4h0h,validation
3p0y,validation
1jpt,validation
2ypv,validation
1mqk,validation
3mxw,validation
2fb4,validation
1seq,validation
1dlf,validation
3hc4,validation
3ifl,validation
2vxv,validation
3umt,validation
7rxi,test
7rxl,test
7z0x,test
7sjs,test
7sn1,test
7q4q,test
7vyr,test
7rqq,test
7rqr,test
7q0g,test
7zf6,test
7ue9,test
7ryu,test
7tp4,test
7vux,test
7u8c,test
7s4g,test
7urq,test
7ttm,test
7zwi,test
7sg6,test
7sg5,test
7t0i,test
7t0j,test
7seg,test
7sem,test
7qf0,test
7so5,test
7rt9,test
7rp2,test
7ps3,test
7ps4,test
7ps6,test
7qu1,test
